condition,ds_name,loss,strong_model,weak_model,gt_fraction_requested,gt_fraction_actual,gt_seed,seed,lr,accuracy,run_dir
baseline,boolq,logconf,gpt2,,0.0,0.0,,1,5e-05,0.617925971245029,results/data/baseline/seed1/bs=32-dn=boolq-e=2-ee=1000000-lp=0-l=logconf-l=5e-05-ls=cosi_anne-mc=1024-ms=gpt2-nd=20000-ntd=10000-o=adam-s=1-twd=0
baseline,boolq,logconf,gpt2,gpt2,0.0,0.0,,1,5e-05,0.6072193331293974,results/data/baseline/seed1/bs=32-dn=boolq-e=2-ee=1000000-lp=0-l=logconf-l=5e-05-ls=cosi_anne-mc=1024-ms=gpt2-nd=20000-ntd=10000-o=adam-s=1-twd=0-wms=gpt2
baseline,boolq,logconf,gpt2-large,,0.0,0.0,,1,1e-05,0.5851942490058122,results/data/baseline/seed1/bs=32-dn=boolq-e=2-ee=1000000-lp=0-l=logconf-l=1e-05-ls=cosi_anne-mc=1024-ms=gpt2-large-nd=20000-ntd=10000-o=adam-s=1-twd=0
baseline,boolq,logconf,gpt2-large,gpt2,0.0,0.0,,1,1e-05,0.5937595594983175,results/data/baseline/seed1/bs=32-dn=boolq-e=2-ee=1000000-lp=0-l=logconf-l=1e-05-ls=cosi_anne-mc=1024-ms=gpt2-large-nd=20000-ntd=10000-o=adam-s=1-twd=0-wms=gpt2
baseline,boolq,logconf,gpt2-large,gpt2-large,0.0,0.0,,1,1e-05,0.5962067910676048,results/data/baseline/seed1/bs=32-dn=boolq-e=2-ee=1000000-lp=0-l=logconf-l=1e-05-ls=cosi_anne-mc=1024-ms=gpt2-large-nd=20000-ntd=10000-o=adam-s=1-twd=0-wms=gpt2-large
baseline,boolq,logconf,gpt2-large,gpt2-medium,0.0,0.0,,1,1e-05,0.6105842765371673,results/data/baseline/seed1/bs=32-dn=boolq-e=2-ee=1000000-lp=0-l=logconf-l=1e-05-ls=cosi_anne-mc=1024-ms=gpt2-large-nd=20000-ntd=10000-o=adam-s=1-twd=0-wms=gpt2-medium
baseline,boolq,logconf,gpt2-medium,,0.0,0.0,,1,5e-05,0.637503823799327,results/data/baseline/seed1/bs=32-dn=boolq-e=2-ee=1000000-lp=0-l=logconf-l=5e-05-ls=cosi_anne-mc=1024-ms=gpt2-medium-nd=20000-ntd=10000-o=adam-s=1-twd=0
baseline,boolq,logconf,gpt2-medium,gpt2,0.0,0.0,,1,5e-05,0.617925971245029,results/data/baseline/seed1/bs=32-dn=boolq-e=2-ee=1000000-lp=0-l=logconf-l=5e-05-ls=cosi_anne-mc=1024-ms=gpt2-medium-nd=20000-ntd=10000-o=adam-s=1-twd=0-wms=gpt2
baseline,boolq,logconf,gpt2-medium,gpt2-medium,0.0,0.0,,1,5e-05,0.6292444172529825,results/data/baseline/seed1/bs=32-dn=boolq-e=2-ee=1000000-lp=0-l=logconf-l=5e-05-ls=cosi_anne-mc=1024-ms=gpt2-medium-nd=20000-ntd=10000-o=adam-s=1-twd=0-wms=gpt2-medium
baseline,boolq,logconf,gpt2-xl,,0.0,0.0,,1,1e-05,0.5968185989599266,results/data/baseline/seed1/bs=32-dn=boolq-e=2-ee=1000000-lp=0-l=logconf-l=1e-05-ls=cosi_anne-mc=1024-ms=gpt2-xl-nd=20000-ntd=10000-o=adam-s=1-twd=0
baseline,boolq,logconf,gpt2-xl,gpt2,0.0,0.0,,1,1e-05,0.5940654634444784,results/data/baseline/seed1/bs=32-dn=boolq-e=2-ee=1000000-lp=0-l=logconf-l=1e-05-ls=cosi_anne-mc=1024-ms=gpt2-xl-nd=20000-ntd=10000-o=adam-s=1-twd=0-wms=gpt2
baseline,boolq,logconf,gpt2-xl,gpt2-large,0.0,0.0,,1,1e-05,0.5983481186907311,results/data/baseline/seed1/bs=32-dn=boolq-e=2-ee=1000000-lp=0-l=logconf-l=1e-05-ls=cosi_anne-mc=1024-ms=gpt2-xl-nd=20000-ntd=10000-o=adam-s=1-twd=0-wms=gpt2-large
baseline,boolq,logconf,gpt2-xl,gpt2-medium,0.0,0.0,,1,1e-05,0.624655858060569,results/data/baseline/seed1/bs=32-dn=boolq-e=2-ee=1000000-lp=0-l=logconf-l=1e-05-ls=cosi_anne-mc=1024-ms=gpt2-xl-nd=20000-ntd=10000-o=adam-s=1-twd=0-wms=gpt2-medium
baseline,boolq,logconf,gpt2-xl,gpt2-xl,0.0,0.0,,1,1e-05,0.602018966044662,results/data/baseline/seed1/bs=32-dn=boolq-e=2-ee=1000000-lp=0-l=logconf-l=1e-05-ls=cosi_anne-mc=1024-ms=gpt2-xl-nd=20000-ntd=10000-o=adam-s=1-twd=0-wms=gpt2-xl
baseline,boolq,xent,gpt2,,0.0,0.0,,1,5e-05,0.6653410828999694,results/data/baseline/seed1/bs=32-dn=boolq-e=2-ee=1000000-lp=0-l=xent-l=5e-05-ls=cosi_anne-mc=1024-ms=gpt2-nd=20000-ntd=10000-o=adam-s=1-twd=0
baseline,boolq,xent,gpt2,gpt2,0.0,0.0,,1,5e-05,0.6482104619149587,results/data/baseline/seed1/bs=32-dn=boolq-e=2-ee=1000000-lp=0-l=xent-l=5e-05-ls=cosi_anne-mc=1024-ms=gpt2-nd=20000-ntd=10000-o=adam-s=1-twd=0-wms=gpt2
baseline,boolq,xent,gpt2-large,,0.0,0.0,,1,1e-05,0.6619761394921995,results/data/baseline/seed1/bs=32-dn=boolq-e=2-ee=1000000-lp=0-l=xent-l=1e-05-ls=cosi_anne-mc=1024-ms=gpt2-large-nd=20000-ntd=10000-o=adam-s=1-twd=0
baseline,boolq,xent,gpt2-large,gpt2,0.0,0.0,,1,1e-05,0.6558580605689813,results/data/baseline/seed1/bs=32-dn=boolq-e=2-ee=1000000-lp=0-l=xent-l=1e-05-ls=cosi_anne-mc=1024-ms=gpt2-large-nd=20000-ntd=10000-o=adam-s=1-twd=0-wms=gpt2
baseline,boolq,xent,gpt2-large,gpt2-large,0.0,0.0,,1,1e-05,0.6298562251453044,results/data/baseline/seed1/bs=32-dn=boolq-e=2-ee=1000000-lp=0-l=xent-l=1e-05-ls=cosi_anne-mc=1024-ms=gpt2-large-nd=20000-ntd=10000-o=adam-s=1-twd=0-wms=gpt2-large
baseline,boolq,xent,gpt2-large,gpt2-medium,0.0,0.0,,1,1e-05,0.6775772407464056,results/data/baseline/seed1/bs=32-dn=boolq-e=2-ee=1000000-lp=0-l=xent-l=1e-05-ls=cosi_anne-mc=1024-ms=gpt2-large-nd=20000-ntd=10000-o=adam-s=1-twd=0-wms=gpt2-medium
baseline,boolq,xent,gpt2-medium,,0.0,0.0,,1,5e-05,0.6968491893545427,results/data/baseline/seed1/bs=32-dn=boolq-e=2-ee=1000000-lp=0-l=xent-l=5e-05-ls=cosi_anne-mc=1024-ms=gpt2-medium-nd=20000-ntd=10000-o=adam-s=1-twd=0
baseline,boolq,xent,gpt2-medium,gpt2,0.0,0.0,,1,5e-05,0.6500458855919241,results/data/baseline/seed1/bs=32-dn=boolq-e=2-ee=1000000-lp=0-l=xent-l=5e-05-ls=cosi_anne-mc=1024-ms=gpt2-medium-nd=20000-ntd=10000-o=adam-s=1-twd=0-wms=gpt2
baseline,boolq,xent,gpt2-medium,gpt2-medium,0.0,0.0,,1,5e-05,0.6714591618231875,results/data/baseline/seed1/bs=32-dn=boolq-e=2-ee=1000000-lp=0-l=xent-l=5e-05-ls=cosi_anne-mc=1024-ms=gpt2-medium-nd=20000-ntd=10000-o=adam-s=1-twd=0-wms=gpt2-medium
baseline,boolq,xent,gpt2-xl,,0.0,0.0,,1,1e-05,0.7601713062098501,results/data/baseline/seed1/bs=32-dn=boolq-e=2-ee=1000000-lp=0-l=xent-l=1e-05-ls=cosi_anne-mc=1024-ms=gpt2-xl-nd=20000-ntd=10000-o=adam-s=1-twd=0
baseline,boolq,xent,gpt2-xl,gpt2,0.0,0.0,,1,1e-05,0.6586111960844295,results/data/baseline/seed1/bs=32-dn=boolq-e=2-ee=1000000-lp=0-l=xent-l=1e-05-ls=cosi_anne-mc=1024-ms=gpt2-xl-nd=20000-ntd=10000-o=adam-s=1-twd=0-wms=gpt2
baseline,boolq,xent,gpt2-xl,gpt2-large,0.0,0.0,,1,1e-05,0.6436219027225452,results/data/baseline/seed1/bs=32-dn=boolq-e=2-ee=1000000-lp=0-l=xent-l=1e-05-ls=cosi_anne-mc=1024-ms=gpt2-xl-nd=20000-ntd=10000-o=adam-s=1-twd=0-wms=gpt2-large
baseline,boolq,xent,gpt2-xl,gpt2-medium,0.0,0.0,,1,1e-05,0.682777607831141,results/data/baseline/seed1/bs=32-dn=boolq-e=2-ee=1000000-lp=0-l=xent-l=1e-05-ls=cosi_anne-mc=1024-ms=gpt2-xl-nd=20000-ntd=10000-o=adam-s=1-twd=0-wms=gpt2-medium
baseline,boolq,xent,gpt2-xl,gpt2-xl,0.0,0.0,,1,1e-05,0.744264301009483,results/data/baseline/seed1/bs=32-dn=boolq-e=2-ee=1000000-lp=0-l=xent-l=1e-05-ls=cosi_anne-mc=1024-ms=gpt2-xl-nd=20000-ntd=10000-o=adam-s=1-twd=0-wms=gpt2-xl
gt_only,boolq,logconf,gpt2,gpt2,0.01,1.0,1,1,5e-05,0.6215968185989599,results/data/gt_only/001/seed1/bs=32-dn=boolq-e=2-ee=1000000-gf=0.01-go=1-gs=1-lp=0-l=logconf-l=5e-05-ls=cosi_anne-mc=1024-ms=gpt2-nd=20000-ntd=10000-o=adam-s=1-twd=0-wms=gpt2
gt_only,boolq,logconf,gpt2-large,gpt2,0.01,1.0,1,1,1e-05,0.6215968185989599,results/data/gt_only/001/seed1/bs=32-dn=boolq-e=2-ee=1000000-gf=0.01-go=1-gs=1-lp=0-l=logconf-l=1e-05-ls=cosi_anne-mc=1024-ms=gpt2-large-nd=20000-ntd=10000-o=adam-s=1-twd=0-wms=gpt2
gt_only,boolq,logconf,gpt2-medium,gpt2,0.01,1.0,1,1,5e-05,0.6139492199449373,results/data/gt_only/001/seed1/bs=32-dn=boolq-e=2-ee=1000000-gf=0.01-go=1-gs=1-lp=0-l=logconf-l=5e-05-ls=cosi_anne-mc=1024-ms=gpt2-medium-nd=20000-ntd=10000-o=adam-s=1-twd=0-wms=gpt2
gt_only,boolq,logconf,gpt2-xl,gpt2,0.01,1.0,1,1,1e-05,0.6215968185989599,results/data/gt_only/001/seed1/bs=32-dn=boolq-e=2-ee=1000000-gf=0.01-go=1-gs=1-lp=0-l=logconf-l=1e-05-ls=cosi_anne-mc=1024-ms=gpt2-xl-nd=20000-ntd=10000-o=adam-s=1-twd=0-wms=gpt2
gt_only,boolq,xent,gpt2,gpt2,0.01,1.0,1,1,5e-05,0.6219027225451208,results/data/gt_only/001/seed1/bs=32-dn=boolq-e=2-ee=1000000-gf=0.01-go=1-gs=1-lp=0-l=xent-l=5e-05-ls=cosi_anne-mc=1024-ms=gpt2-nd=20000-ntd=10000-o=adam-s=1-twd=0-wms=gpt2
gt_only,boolq,xent,gpt2-large,gpt2,0.01,1.0,1,1,1e-05,0.6215968185989599,results/data/gt_only/001/seed1/bs=32-dn=boolq-e=2-ee=1000000-gf=0.01-go=1-gs=1-lp=0-l=xent-l=1e-05-ls=cosi_anne-mc=1024-ms=gpt2-large-nd=20000-ntd=10000-o=adam-s=1-twd=0-wms=gpt2
gt_only,boolq,xent,gpt2-medium,gpt2,0.01,1.0,1,1,5e-05,0.6197613949219944,results/data/gt_only/001/seed1/bs=32-dn=boolq-e=2-ee=1000000-gf=0.01-go=1-gs=1-lp=0-l=xent-l=5e-05-ls=cosi_anne-mc=1024-ms=gpt2-medium-nd=20000-ntd=10000-o=adam-s=1-twd=0-wms=gpt2
gt_only,boolq,xent,gpt2-xl,gpt2,0.01,1.0,1,1,1e-05,0.6215968185989599,results/data/gt_only/001/seed1/bs=32-dn=boolq-e=2-ee=1000000-gf=0.01-go=1-gs=1-lp=0-l=xent-l=1e-05-ls=cosi_anne-mc=1024-ms=gpt2-xl-nd=20000-ntd=10000-o=adam-s=1-twd=0-wms=gpt2
gt_only,boolq,logconf,gpt2,gpt2,0.05,1.0,1,1,5e-05,0.6157846436219028,results/data/gt_only/005/seed1/bs=32-dn=boolq-e=2-ee=1000000-gf=0.05-go=1-gs=1-lp=0-l=logconf-l=5e-05-ls=cosi_anne-mc=1024-ms=gpt2-nd=20000-ntd=10000-o=adam-s=1-twd=0-wms=gpt2
gt_only,boolq,logconf,gpt2-large,gpt2,0.05,1.0,1,1,1e-05,0.6215968185989599,results/data/gt_only/005/seed1/bs=32-dn=boolq-e=2-ee=1000000-gf=0.05-go=1-gs=1-lp=0-l=logconf-l=1e-05-ls=cosi_anne-mc=1024-ms=gpt2-large-nd=20000-ntd=10000-o=adam-s=1-twd=0-wms=gpt2
gt_only,boolq,logconf,gpt2-medium,gpt2,0.05,1.0,1,1,5e-05,0.6163964515142245,results/data/gt_only/005/seed1/bs=32-dn=boolq-e=2-ee=1000000-gf=0.05-go=1-gs=1-lp=0-l=logconf-l=5e-05-ls=cosi_anne-mc=1024-ms=gpt2-medium-nd=20000-ntd=10000-o=adam-s=1-twd=0-wms=gpt2
gt_only,boolq,logconf,gpt2-xl,gpt2,0.05,1.0,1,1,1e-05,0.6215968185989599,results/data/gt_only/005/seed1/bs=32-dn=boolq-e=2-ee=1000000-gf=0.05-go=1-gs=1-lp=0-l=logconf-l=1e-05-ls=cosi_anne-mc=1024-ms=gpt2-xl-nd=20000-ntd=10000-o=adam-s=1-twd=0-wms=gpt2
gt_only,boolq,xent,gpt2,gpt2,0.05,1.0,1,1,5e-05,0.6219027225451208,results/data/gt_only/005/seed1/bs=32-dn=boolq-e=2-ee=1000000-gf=0.05-go=1-gs=1-lp=0-l=xent-l=5e-05-ls=cosi_anne-mc=1024-ms=gpt2-nd=20000-ntd=10000-o=adam-s=1-twd=0-wms=gpt2
gt_only,boolq,xent,gpt2-large,gpt2,0.05,1.0,1,1,1e-05,0.6215968185989599,results/data/gt_only/005/seed1/bs=32-dn=boolq-e=2-ee=1000000-gf=0.05-go=1-gs=1-lp=0-l=xent-l=1e-05-ls=cosi_anne-mc=1024-ms=gpt2-large-nd=20000-ntd=10000-o=adam-s=1-twd=0-wms=gpt2
gt_only,boolq,xent,gpt2-medium,gpt2,0.05,1.0,1,1,5e-05,0.6212909146527991,results/data/gt_only/005/seed1/bs=32-dn=boolq-e=2-ee=1000000-gf=0.05-go=1-gs=1-lp=0-l=xent-l=5e-05-ls=cosi_anne-mc=1024-ms=gpt2-medium-nd=20000-ntd=10000-o=adam-s=1-twd=0-wms=gpt2
gt_only,boolq,xent,gpt2-xl,gpt2,0.05,1.0,1,1,1e-05,0.6215968185989599,results/data/gt_only/005/seed1/bs=32-dn=boolq-e=2-ee=1000000-gf=0.05-go=1-gs=1-lp=0-l=xent-l=1e-05-ls=cosi_anne-mc=1024-ms=gpt2-xl-nd=20000-ntd=10000-o=adam-s=1-twd=0-wms=gpt2
gt_only,boolq,logconf,gpt2,gpt2,0.1,1.0,1,1,5e-05,0.5650045885591924,results/data/gt_only/010/seed1/bs=32-dn=boolq-e=2-ee=1000000-gf=0.1-go=1-gs=1-lp=0-l=logconf-l=5e-05-ls=cosi_anne-mc=1024-ms=gpt2-nd=20000-ntd=10000-o=adam-s=1-twd=0-wms=gpt2
gt_only,boolq,logconf,gpt2-large,gpt2,0.1,1.0,1,1,1e-05,0.6215968185989599,results/data/gt_only/010/seed1/bs=32-dn=boolq-e=2-ee=1000000-gf=0.1-go=1-gs=1-lp=0-l=logconf-l=1e-05-ls=cosi_anne-mc=1024-ms=gpt2-large-nd=20000-ntd=10000-o=adam-s=1-twd=0-wms=gpt2
gt_only,boolq,logconf,gpt2-medium,gpt2,0.1,1.0,1,1,5e-05,0.5754053227286632,results/data/gt_only/010/seed1/bs=32-dn=boolq-e=2-ee=1000000-gf=0.1-go=1-gs=1-lp=0-l=logconf-l=5e-05-ls=cosi_anne-mc=1024-ms=gpt2-medium-nd=20000-ntd=10000-o=adam-s=1-twd=0-wms=gpt2
gt_only,boolq,logconf,gpt2-xl,gpt2,0.1,1.0,1,1,1e-05,0.6215968185989599,results/data/gt_only/010/seed1/bs=32-dn=boolq-e=2-ee=1000000-gf=0.1-go=1-gs=1-lp=0-l=logconf-l=1e-05-ls=cosi_anne-mc=1024-ms=gpt2-xl-nd=20000-ntd=10000-o=adam-s=1-twd=0-wms=gpt2
gt_only,boolq,xent,gpt2,gpt2,0.1,1.0,1,1,5e-05,0.6219027225451208,results/data/gt_only/010/seed1/bs=32-dn=boolq-e=2-ee=1000000-gf=0.1-go=1-gs=1-lp=0-l=xent-l=5e-05-ls=cosi_anne-mc=1024-ms=gpt2-nd=20000-ntd=10000-o=adam-s=1-twd=0-wms=gpt2
gt_only,boolq,xent,gpt2-large,gpt2,0.1,1.0,1,1,1e-05,0.6215968185989599,results/data/gt_only/010/seed1/bs=32-dn=boolq-e=2-ee=1000000-gf=0.1-go=1-gs=1-lp=0-l=xent-l=1e-05-ls=cosi_anne-mc=1024-ms=gpt2-large-nd=20000-ntd=10000-o=adam-s=1-twd=0-wms=gpt2
gt_only,boolq,xent,gpt2-medium,gpt2,0.1,1.0,1,1,5e-05,0.6225145304374426,results/data/gt_only/010/seed1/bs=32-dn=boolq-e=2-ee=1000000-gf=0.1-go=1-gs=1-lp=0-l=xent-l=5e-05-ls=cosi_anne-mc=1024-ms=gpt2-medium-nd=20000-ntd=10000-o=adam-s=1-twd=0-wms=gpt2
gt_only,boolq,xent,gpt2-xl,gpt2,0.1,1.0,1,1,1e-05,0.6215968185989599,results/data/gt_only/010/seed1/bs=32-dn=boolq-e=2-ee=1000000-gf=0.1-go=1-gs=1-lp=0-l=xent-l=1e-05-ls=cosi_anne-mc=1024-ms=gpt2-xl-nd=20000-ntd=10000-o=adam-s=1-twd=0-wms=gpt2
gt_only,boolq,logconf,gpt2,gpt2,0.25,1.0,1,1,5e-05,0.5946772713368003,results/data/gt_only/025/seed1/bs=32-dn=boolq-e=2-ee=1000000-gf=0.25-go=1-gs=1-lp=0-l=logconf-l=5e-05-ls=cosi_anne-mc=1024-ms=gpt2-nd=20000-ntd=10000-o=adam-s=1-twd=0-wms=gpt2
gt_only,boolq,logconf,gpt2-large,gpt2,0.25,1.0,1,1,1e-05,0.6200672988681554,results/data/gt_only/025/seed1/bs=32-dn=boolq-e=2-ee=1000000-gf=0.25-go=1-gs=1-lp=0-l=logconf-l=1e-05-ls=cosi_anne-mc=1024-ms=gpt2-large-nd=20000-ntd=10000-o=adam-s=1-twd=0-wms=gpt2
gt_only,boolq,logconf,gpt2-medium,gpt2,0.25,1.0,1,1,5e-05,0.6090547568063628,results/data/gt_only/025/seed1/bs=32-dn=boolq-e=2-ee=1000000-gf=0.25-go=1-gs=1-lp=0-l=logconf-l=5e-05-ls=cosi_anne-mc=1024-ms=gpt2-medium-nd=20000-ntd=10000-o=adam-s=1-twd=0-wms=gpt2
gt_only,boolq,logconf,gpt2-xl,gpt2,0.25,1.0,1,1,1e-05,0.6139492199449373,results/data/gt_only/025/seed1/bs=32-dn=boolq-e=2-ee=1000000-gf=0.25-go=1-gs=1-lp=0-l=logconf-l=1e-05-ls=cosi_anne-mc=1024-ms=gpt2-xl-nd=20000-ntd=10000-o=adam-s=1-twd=0-wms=gpt2
gt_only,boolq,xent,gpt2,gpt2,0.25,1.0,1,1,5e-05,0.6228204343836036,results/data/gt_only/025/seed1/bs=32-dn=boolq-e=2-ee=1000000-gf=0.25-go=1-gs=1-lp=0-l=xent-l=5e-05-ls=cosi_anne-mc=1024-ms=gpt2-nd=20000-ntd=10000-o=adam-s=1-twd=0-wms=gpt2
gt_only,boolq,xent,gpt2-large,gpt2,0.25,1.0,1,1,1e-05,0.6215968185989599,results/data/gt_only/025/seed1/bs=32-dn=boolq-e=2-ee=1000000-gf=0.25-go=1-gs=1-lp=0-l=xent-l=1e-05-ls=cosi_anne-mc=1024-ms=gpt2-large-nd=20000-ntd=10000-o=adam-s=1-twd=0-wms=gpt2
gt_only,boolq,xent,gpt2-medium,gpt2,0.25,1.0,1,1,5e-05,0.6225145304374426,results/data/gt_only/025/seed1/bs=32-dn=boolq-e=2-ee=1000000-gf=0.25-go=1-gs=1-lp=0-l=xent-l=5e-05-ls=cosi_anne-mc=1024-ms=gpt2-medium-nd=20000-ntd=10000-o=adam-s=1-twd=0-wms=gpt2
gt_only,boolq,xent,gpt2-xl,gpt2,0.25,1.0,1,1,1e-05,0.6215968185989599,results/data/gt_only/025/seed1/bs=32-dn=boolq-e=2-ee=1000000-gf=0.25-go=1-gs=1-lp=0-l=xent-l=1e-05-ls=cosi_anne-mc=1024-ms=gpt2-xl-nd=20000-ntd=10000-o=adam-s=1-twd=0-wms=gpt2
gt_only,boolq,logconf,gpt2,gpt2,0.5,1.0,1,1,5e-05,0.6151728357295809,results/data/gt_only/050/seed1/bs=32-dn=boolq-e=2-ee=1000000-gf=0.5-go=1-gs=1-lp=0-l=logconf-l=5e-05-ls=cosi_anne-mc=1024-ms=gpt2-nd=20000-ntd=10000-o=adam-s=1-twd=0-wms=gpt2
gt_only,boolq,logconf,gpt2-large,gpt2,0.5,1.0,1,1,1e-05,0.5754053227286632,results/data/gt_only/050/seed1/bs=32-dn=boolq-e=2-ee=1000000-gf=0.5-go=1-gs=1-lp=0-l=logconf-l=1e-05-ls=cosi_anne-mc=1024-ms=gpt2-large-nd=20000-ntd=10000-o=adam-s=1-twd=0-wms=gpt2
gt_only,boolq,logconf,gpt2-medium,gpt2,0.5,1.0,1,1,5e-05,0.6460691342918323,results/data/gt_only/050/seed1/bs=32-dn=boolq-e=2-ee=1000000-gf=0.5-go=1-gs=1-lp=0-l=logconf-l=5e-05-ls=cosi_anne-mc=1024-ms=gpt2-medium-nd=20000-ntd=10000-o=adam-s=1-twd=0-wms=gpt2
gt_only,boolq,logconf,gpt2-xl,gpt2,0.5,1.0,1,1,1e-05,0.5851942490058122,results/data/gt_only/050/seed1/bs=32-dn=boolq-e=2-ee=1000000-gf=0.5-go=1-gs=1-lp=0-l=logconf-l=1e-05-ls=cosi_anne-mc=1024-ms=gpt2-xl-nd=20000-ntd=10000-o=adam-s=1-twd=0-wms=gpt2
gt_only,boolq,xent,gpt2,gpt2,0.5,1.0,1,1,5e-05,0.6341388803915571,results/data/gt_only/050/seed1/bs=32-dn=boolq-e=2-ee=1000000-gf=0.5-go=1-gs=1-lp=0-l=xent-l=5e-05-ls=cosi_anne-mc=1024-ms=gpt2-nd=20000-ntd=10000-o=adam-s=1-twd=0-wms=gpt2
gt_only,boolq,xent,gpt2-large,gpt2,0.5,1.0,1,1,1e-05,0.6215968185989599,results/data/gt_only/050/seed1/bs=32-dn=boolq-e=2-ee=1000000-gf=0.5-go=1-gs=1-lp=0-l=xent-l=1e-05-ls=cosi_anne-mc=1024-ms=gpt2-large-nd=20000-ntd=10000-o=adam-s=1-twd=0-wms=gpt2
gt_only,boolq,xent,gpt2-medium,gpt2,0.5,1.0,1,1,5e-05,0.7038849801162435,results/data/gt_only/050/seed1/bs=32-dn=boolq-e=2-ee=1000000-gf=0.5-go=1-gs=1-lp=0-l=xent-l=5e-05-ls=cosi_anne-mc=1024-ms=gpt2-medium-nd=20000-ntd=10000-o=adam-s=1-twd=0-wms=gpt2
gt_only,boolq,xent,gpt2-xl,gpt2,0.5,1.0,1,1,1e-05,0.6215968185989599,results/data/gt_only/050/seed1/bs=32-dn=boolq-e=2-ee=1000000-gf=0.5-go=1-gs=1-lp=0-l=xent-l=1e-05-ls=cosi_anne-mc=1024-ms=gpt2-xl-nd=20000-ntd=10000-o=adam-s=1-twd=0-wms=gpt2
gt_only,boolq,logconf,gpt2,gpt2,1.0,1.0,1,1,5e-05,0.6185377791373509,results/data/gt_only/100/seed1/bs=32-dn=boolq-e=2-ee=1000000-gf=1.0-go=1-gs=1-lp=0-l=logconf-l=5e-05-ls=cosi_anne-mc=1024-ms=gpt2-nd=20000-ntd=10000-o=adam-s=1-twd=0-wms=gpt2
gt_only,boolq,logconf,gpt2-large,gpt2,1.0,1.0,1,1,1e-05,0.5998776384215356,results/data/gt_only/100/seed1/bs=32-dn=boolq-e=2-ee=1000000-gf=1.0-go=1-gs=1-lp=0-l=logconf-l=1e-05-ls=cosi_anne-mc=1024-ms=gpt2-large-nd=20000-ntd=10000-o=adam-s=1-twd=0-wms=gpt2
gt_only,boolq,logconf,gpt2-medium,gpt2,1.0,1.0,1,1,5e-05,0.6992964209238299,results/data/gt_only/100/seed1/bs=32-dn=boolq-e=2-ee=1000000-gf=1.0-go=1-gs=1-lp=0-l=logconf-l=5e-05-ls=cosi_anne-mc=1024-ms=gpt2-medium-nd=20000-ntd=10000-o=adam-s=1-twd=0-wms=gpt2
gt_only,boolq,logconf,gpt2-xl,gpt2,1.0,1.0,1,1,1e-05,0.6038543897216274,results/data/gt_only/100/seed1/bs=32-dn=boolq-e=2-ee=1000000-gf=1.0-go=1-gs=1-lp=0-l=logconf-l=1e-05-ls=cosi_anne-mc=1024-ms=gpt2-xl-nd=20000-ntd=10000-o=adam-s=1-twd=0-wms=gpt2
gt_only,boolq,xent,gpt2,gpt2,1.0,1.0,1,1,5e-05,0.6751300091771184,results/data/gt_only/100/seed1/bs=32-dn=boolq-e=2-ee=1000000-gf=1.0-go=1-gs=1-lp=0-l=xent-l=5e-05-ls=cosi_anne-mc=1024-ms=gpt2-nd=20000-ntd=10000-o=adam-s=1-twd=0-wms=gpt2
gt_only,boolq,xent,gpt2-large,gpt2,1.0,1.0,1,1,1e-05,0.715203426124197,results/data/gt_only/100/seed1/bs=32-dn=boolq-e=2-ee=1000000-gf=1.0-go=1-gs=1-lp=0-l=xent-l=1e-05-ls=cosi_anne-mc=1024-ms=gpt2-large-nd=20000-ntd=10000-o=adam-s=1-twd=0-wms=gpt2
gt_only,boolq,xent,gpt2-medium,gpt2,1.0,1.0,1,1,5e-05,0.7451820128479657,results/data/gt_only/100/seed1/bs=32-dn=boolq-e=2-ee=1000000-gf=1.0-go=1-gs=1-lp=0-l=xent-l=5e-05-ls=cosi_anne-mc=1024-ms=gpt2-medium-nd=20000-ntd=10000-o=adam-s=1-twd=0-wms=gpt2
gt_only,boolq,xent,gpt2-xl,gpt2,1.0,1.0,1,1,1e-05,0.7662893851330682,results/data/gt_only/100/seed1/bs=32-dn=boolq-e=2-ee=1000000-gf=1.0-go=1-gs=1-lp=0-l=xent-l=1e-05-ls=cosi_anne-mc=1024-ms=gpt2-xl-nd=20000-ntd=10000-o=adam-s=1-twd=0-wms=gpt2
mixing,boolq,logconf,gpt2,gpt2,0.01,0.009970301230377598,1,1,5e-05,0.6111960844294891,results/data/naive_mixing/001/seed1/bs=32-dn=boolq-e=2-ee=1000000-gf=0.01-gs=1-lp=0-l=logconf-l=5e-05-ls=cosi_anne-mc=1024-ms=gpt2-nd=20000-ntd=10000-o=adam-s=1-twd=0-wms=gpt2
mixing,boolq,logconf,gpt2-large,gpt2,0.01,0.009970301230377598,1,1,1e-05,0.598654022636892,results/data/naive_mixing/001/seed1/bs=32-dn=boolq-e=2-ee=1000000-gf=0.01-gs=1-lp=0-l=logconf-l=1e-05-ls=cosi_anne-mc=1024-ms=gpt2-large-nd=20000-ntd=10000-o=adam-s=1-twd=0-wms=gpt2
mixing,boolq,logconf,gpt2-large,gpt2-large,0.01,0.009970301230377598,1,1,1e-05,0.5766289385133069,results/data/naive_mixing/001/seed1/bs=32-dn=boolq-e=2-ee=1000000-gf=0.01-gs=1-lp=0-l=logconf-l=1e-05-ls=cosi_anne-mc=1024-ms=gpt2-large-nd=20000-ntd=10000-o=adam-s=1-twd=0-wms=gpt2-large
mixing,boolq,logconf,gpt2-large,gpt2-medium,0.01,0.009970301230377598,1,1,1e-05,0.5959008871214438,results/data/naive_mixing/001/seed1/bs=32-dn=boolq-e=2-ee=1000000-gf=0.01-gs=1-lp=0-l=logconf-l=1e-05-ls=cosi_anne-mc=1024-ms=gpt2-large-nd=20000-ntd=10000-o=adam-s=1-twd=0-wms=gpt2-medium
mixing,boolq,logconf,gpt2-medium,gpt2,0.01,0.009970301230377598,1,1,5e-05,0.6271030896298562,results/data/naive_mixing/001/seed1/bs=32-dn=boolq-e=2-ee=1000000-gf=0.01-gs=1-lp=0-l=logconf-l=5e-05-ls=cosi_anne-mc=1024-ms=gpt2-medium-nd=20000-ntd=10000-o=adam-s=1-twd=0-wms=gpt2
mixing,boolq,logconf,gpt2-medium,gpt2-medium,0.01,0.009970301230377598,1,1,5e-05,0.6032425818293056,results/data/naive_mixing/001/seed1/bs=32-dn=boolq-e=2-ee=1000000-gf=0.01-gs=1-lp=0-l=logconf-l=5e-05-ls=cosi_anne-mc=1024-ms=gpt2-medium-nd=20000-ntd=10000-o=adam-s=1-twd=0-wms=gpt2-medium
mixing,boolq,logconf,gpt2-xl,gpt2,0.01,0.009970301230377598,1,1,1e-05,0.5913123279290303,results/data/naive_mixing/001/seed1/bs=32-dn=boolq-e=2-ee=1000000-gf=0.01-gs=1-lp=0-l=logconf-l=1e-05-ls=cosi_anne-mc=1024-ms=gpt2-xl-nd=20000-ntd=10000-o=adam-s=1-twd=0-wms=gpt2
mixing,boolq,logconf,gpt2-xl,gpt2-large,0.01,0.009970301230377598,1,1,1e-05,0.6075252370755583,results/data/naive_mixing/001/seed1/bs=32-dn=boolq-e=2-ee=1000000-gf=0.01-gs=1-lp=0-l=logconf-l=1e-05-ls=cosi_anne-mc=1024-ms=gpt2-xl-nd=20000-ntd=10000-o=adam-s=1-twd=0-wms=gpt2-large
mixing,boolq,logconf,gpt2-xl,gpt2-medium,0.01,0.009970301230377598,1,1,1e-05,0.6056898133985928,results/data/naive_mixing/001/seed1/bs=32-dn=boolq-e=2-ee=1000000-gf=0.01-gs=1-lp=0-l=logconf-l=1e-05-ls=cosi_anne-mc=1024-ms=gpt2-xl-nd=20000-ntd=10000-o=adam-s=1-twd=0-wms=gpt2-medium
mixing,boolq,logconf,gpt2-xl,gpt2-xl,0.01,0.009970301230377598,1,1,1e-05,0.5907005200367085,results/data/naive_mixing/001/seed1/bs=32-dn=boolq-e=2-ee=1000000-gf=0.01-gs=1-lp=0-l=logconf-l=1e-05-ls=cosi_anne-mc=1024-ms=gpt2-xl-nd=20000-ntd=10000-o=adam-s=1-twd=0-wms=gpt2-xl
mixing,boolq,xent,gpt2,gpt2,0.01,0.009970301230377598,1,1,5e-05,0.647292750076476,results/data/naive_mixing/001/seed1/bs=32-dn=boolq-e=2-ee=1000000-gf=0.01-gs=1-lp=0-l=xent-l=5e-05-ls=cosi_anne-mc=1024-ms=gpt2-nd=20000-ntd=10000-o=adam-s=1-twd=0-wms=gpt2
mixing,boolq,xent,gpt2-large,gpt2,0.01,0.009970301230377598,1,1,1e-05,0.6564698684613032,results/data/naive_mixing/001/seed1/bs=32-dn=boolq-e=2-ee=1000000-gf=0.01-gs=1-lp=0-l=xent-l=1e-05-ls=cosi_anne-mc=1024-ms=gpt2-large-nd=20000-ntd=10000-o=adam-s=1-twd=0-wms=gpt2
mixing,boolq,xent,gpt2-large,gpt2-large,0.01,0.009970301230377598,1,1,1e-05,0.6316916488222698,results/data/naive_mixing/001/seed1/bs=32-dn=boolq-e=2-ee=1000000-gf=0.01-gs=1-lp=0-l=xent-l=1e-05-ls=cosi_anne-mc=1024-ms=gpt2-large-nd=20000-ntd=10000-o=adam-s=1-twd=0-wms=gpt2-large
mixing,boolq,xent,gpt2-large,gpt2-medium,0.01,0.009970301230377598,1,1,1e-05,0.6791067604772102,results/data/naive_mixing/001/seed1/bs=32-dn=boolq-e=2-ee=1000000-gf=0.01-gs=1-lp=0-l=xent-l=1e-05-ls=cosi_anne-mc=1024-ms=gpt2-large-nd=20000-ntd=10000-o=adam-s=1-twd=0-wms=gpt2-medium
mixing,boolq,xent,gpt2-medium,gpt2,0.01,0.009970301230377598,1,1,5e-05,0.6552462526766595,results/data/naive_mixing/001/seed1/bs=32-dn=boolq-e=2-ee=1000000-gf=0.01-gs=1-lp=0-l=xent-l=5e-05-ls=cosi_anne-mc=1024-ms=gpt2-medium-nd=20000-ntd=10000-o=adam-s=1-twd=0-wms=gpt2
mixing,boolq,xent,gpt2-medium,gpt2-medium,0.01,0.009970301230377598,1,1,5e-05,0.6748241052309575,results/data/naive_mixing/001/seed1/bs=32-dn=boolq-e=2-ee=1000000-gf=0.01-gs=1-lp=0-l=xent-l=5e-05-ls=cosi_anne-mc=1024-ms=gpt2-medium-nd=20000-ntd=10000-o=adam-s=1-twd=0-wms=gpt2-medium
mixing,boolq,xent,gpt2-xl,gpt2,0.01,0.009970301230377598,1,1,1e-05,0.6573875802997858,results/data/naive_mixing/001/seed1/bs=32-dn=boolq-e=2-ee=1000000-gf=0.01-gs=1-lp=0-l=xent-l=1e-05-ls=cosi_anne-mc=1024-ms=gpt2-xl-nd=20000-ntd=10000-o=adam-s=1-twd=0-wms=gpt2
mixing,boolq,xent,gpt2-xl,gpt2-large,0.01,0.009970301230377598,1,1,1e-05,0.6362802080146834,results/data/naive_mixing/001/seed1/bs=32-dn=boolq-e=2-ee=1000000-gf=0.01-gs=1-lp=0-l=xent-l=1e-05-ls=cosi_anne-mc=1024-ms=gpt2-xl-nd=20000-ntd=10000-o=adam-s=1-twd=0-wms=gpt2-large
mixing,boolq,xent,gpt2-xl,gpt2-medium,0.01,0.009970301230377598,1,1,1e-05,0.6867543591312328,results/data/naive_mixing/001/seed1/bs=32-dn=boolq-e=2-ee=1000000-gf=0.01-gs=1-lp=0-l=xent-l=1e-05-ls=cosi_anne-mc=1024-ms=gpt2-xl-nd=20000-ntd=10000-o=adam-s=1-twd=0-wms=gpt2-medium
mixing,boolq,xent,gpt2-xl,gpt2-xl,0.01,0.009970301230377598,1,1,1e-05,0.7433465891710003,results/data/naive_mixing/001/seed1/bs=32-dn=boolq-e=2-ee=1000000-gf=0.01-gs=1-lp=0-l=xent-l=1e-05-ls=cosi_anne-mc=1024-ms=gpt2-xl-nd=20000-ntd=10000-o=adam-s=1-twd=0-wms=gpt2-xl
mixing,boolq,logconf,gpt2,gpt2,0.05,0.05006364022061943,1,1,5e-05,0.6145610278372591,results/data/naive_mixing/005/seed1/bs=32-dn=boolq-e=2-ee=1000000-gf=0.05-gs=1-lp=0-l=logconf-l=5e-05-ls=cosi_anne-mc=1024-ms=gpt2-nd=20000-ntd=10000-o=adam-s=1-twd=0-wms=gpt2
mixing,boolq,logconf,gpt2-large,gpt2,0.05,0.05006364022061943,1,1,1e-05,0.5937595594983175,results/data/naive_mixing/005/seed1/bs=32-dn=boolq-e=2-ee=1000000-gf=0.05-gs=1-lp=0-l=logconf-l=1e-05-ls=cosi_anne-mc=1024-ms=gpt2-large-nd=20000-ntd=10000-o=adam-s=1-twd=0-wms=gpt2
mixing,boolq,logconf,gpt2-large,gpt2-large,0.05,0.05006364022061943,1,1,1e-05,0.5928418476598348,results/data/naive_mixing/005/seed1/bs=32-dn=boolq-e=2-ee=1000000-gf=0.05-gs=1-lp=0-l=logconf-l=1e-05-ls=cosi_anne-mc=1024-ms=gpt2-large-nd=20000-ntd=10000-o=adam-s=1-twd=0-wms=gpt2-large
mixing,boolq,logconf,gpt2-large,gpt2-medium,0.05,0.05006364022061943,1,1,1e-05,0.5983481186907311,results/data/naive_mixing/005/seed1/bs=32-dn=boolq-e=2-ee=1000000-gf=0.05-gs=1-lp=0-l=logconf-l=1e-05-ls=cosi_anne-mc=1024-ms=gpt2-large-nd=20000-ntd=10000-o=adam-s=1-twd=0-wms=gpt2-medium
mixing,boolq,logconf,gpt2-medium,gpt2,0.05,0.05006364022061943,1,1,5e-05,0.6124197002141327,results/data/naive_mixing/005/seed1/bs=32-dn=boolq-e=2-ee=1000000-gf=0.05-gs=1-lp=0-l=logconf-l=5e-05-ls=cosi_anne-mc=1024-ms=gpt2-medium-nd=20000-ntd=10000-o=adam-s=1-twd=0-wms=gpt2
mixing,boolq,logconf,gpt2-medium,gpt2-medium,0.05,0.05006364022061943,1,1,5e-05,0.6078311410217192,results/data/naive_mixing/005/seed1/bs=32-dn=boolq-e=2-ee=1000000-gf=0.05-gs=1-lp=0-l=logconf-l=5e-05-ls=cosi_anne-mc=1024-ms=gpt2-medium-nd=20000-ntd=10000-o=adam-s=1-twd=0-wms=gpt2-medium
mixing,boolq,logconf,gpt2-xl,gpt2,0.05,0.05006364022061943,1,1,1e-05,0.6087488528602019,results/data/naive_mixing/005/seed1/bs=32-dn=boolq-e=2-ee=1000000-gf=0.05-gs=1-lp=0-l=logconf-l=1e-05-ls=cosi_anne-mc=1024-ms=gpt2-xl-nd=20000-ntd=10000-o=adam-s=1-twd=0-wms=gpt2
mixing,boolq,logconf,gpt2-xl,gpt2-large,0.05,0.05006364022061943,1,1,1e-05,0.5977363107984093,results/data/naive_mixing/005/seed1/bs=32-dn=boolq-e=2-ee=1000000-gf=0.05-gs=1-lp=0-l=logconf-l=1e-05-ls=cosi_anne-mc=1024-ms=gpt2-xl-nd=20000-ntd=10000-o=adam-s=1-twd=0-wms=gpt2-large
mixing,boolq,logconf,gpt2-xl,gpt2-medium,0.05,0.05006364022061943,1,1,1e-05,0.5998776384215356,results/data/naive_mixing/005/seed1/bs=32-dn=boolq-e=2-ee=1000000-gf=0.05-gs=1-lp=0-l=logconf-l=1e-05-ls=cosi_anne-mc=1024-ms=gpt2-xl-nd=20000-ntd=10000-o=adam-s=1-twd=0-wms=gpt2-medium
mixing,boolq,logconf,gpt2-xl,gpt2-xl,0.05,0.05006364022061943,1,1,1e-05,0.5971245029060875,results/data/naive_mixing/005/seed1/bs=32-dn=boolq-e=2-ee=1000000-gf=0.05-gs=1-lp=0-l=logconf-l=1e-05-ls=cosi_anne-mc=1024-ms=gpt2-xl-nd=20000-ntd=10000-o=adam-s=1-twd=0-wms=gpt2-xl
mixing,boolq,xent,gpt2,gpt2,0.05,0.05006364022061943,1,1,5e-05,0.6509635974304069,results/data/naive_mixing/005/seed1/bs=32-dn=boolq-e=2-ee=1000000-gf=0.05-gs=1-lp=0-l=xent-l=5e-05-ls=cosi_anne-mc=1024-ms=gpt2-nd=20000-ntd=10000-o=adam-s=1-twd=0-wms=gpt2
mixing,boolq,xent,gpt2-large,gpt2,0.05,0.05006364022061943,1,1,1e-05,0.6482104619149587,results/data/naive_mixing/005/seed1/bs=32-dn=boolq-e=2-ee=1000000-gf=0.05-gs=1-lp=0-l=xent-l=1e-05-ls=cosi_anne-mc=1024-ms=gpt2-large-nd=20000-ntd=10000-o=adam-s=1-twd=0-wms=gpt2
mixing,boolq,xent,gpt2-large,gpt2-large,0.05,0.05006364022061943,1,1,1e-05,0.6264912817375344,results/data/naive_mixing/005/seed1/bs=32-dn=boolq-e=2-ee=1000000-gf=0.05-gs=1-lp=0-l=xent-l=1e-05-ls=cosi_anne-mc=1024-ms=gpt2-large-nd=20000-ntd=10000-o=adam-s=1-twd=0-wms=gpt2-large
mixing,boolq,xent,gpt2-large,gpt2-medium,0.05,0.05006364022061943,1,1,1e-05,0.6788008565310493,results/data/naive_mixing/005/seed1/bs=32-dn=boolq-e=2-ee=1000000-gf=0.05-gs=1-lp=0-l=xent-l=1e-05-ls=cosi_anne-mc=1024-ms=gpt2-large-nd=20000-ntd=10000-o=adam-s=1-twd=0-wms=gpt2-medium
mixing,boolq,xent,gpt2-medium,gpt2,0.05,0.05006364022061943,1,1,5e-05,0.6680942184154176,results/data/naive_mixing/005/seed1/bs=32-dn=boolq-e=2-ee=1000000-gf=0.05-gs=1-lp=0-l=xent-l=5e-05-ls=cosi_anne-mc=1024-ms=gpt2-medium-nd=20000-ntd=10000-o=adam-s=1-twd=0-wms=gpt2
mixing,boolq,xent,gpt2-medium,gpt2-medium,0.05,0.05006364022061943,1,1,5e-05,0.6797185683695319,results/data/naive_mixing/005/seed1/bs=32-dn=boolq-e=2-ee=1000000-gf=0.05-gs=1-lp=0-l=xent-l=5e-05-ls=cosi_anne-mc=1024-ms=gpt2-medium-nd=20000-ntd=10000-o=adam-s=1-twd=0-wms=gpt2-medium
mixing,boolq,xent,gpt2-xl,gpt2,0.05,0.05006364022061943,1,1,1e-05,0.6549403487304987,results/data/naive_mixing/005/seed1/bs=32-dn=boolq-e=2-ee=1000000-gf=0.05-gs=1-lp=0-l=xent-l=1e-05-ls=cosi_anne-mc=1024-ms=gpt2-xl-nd=20000-ntd=10000-o=adam-s=1-twd=0-wms=gpt2
mixing,boolq,xent,gpt2-xl,gpt2-large,0.05,0.05006364022061943,1,1,1e-05,0.6286326093606608,results/data/naive_mixing/005/seed1/bs=32-dn=boolq-e=2-ee=1000000-gf=0.05-gs=1-lp=0-l=xent-l=1e-05-ls=cosi_anne-mc=1024-ms=gpt2-xl-nd=20000-ntd=10000-o=adam-s=1-twd=0-wms=gpt2-large
mixing,boolq,xent,gpt2-xl,gpt2-medium,0.05,0.05006364022061943,1,1,1e-05,0.6788008565310493,results/data/naive_mixing/005/seed1/bs=32-dn=boolq-e=2-ee=1000000-gf=0.05-gs=1-lp=0-l=xent-l=1e-05-ls=cosi_anne-mc=1024-ms=gpt2-xl-nd=20000-ntd=10000-o=adam-s=1-twd=0-wms=gpt2-medium
mixing,boolq,xent,gpt2-xl,gpt2-xl,0.05,0.05006364022061943,1,1,1e-05,0.7369226063016213,results/data/naive_mixing/005/seed1/bs=32-dn=boolq-e=2-ee=1000000-gf=0.05-gs=1-lp=0-l=xent-l=1e-05-ls=cosi_anne-mc=1024-ms=gpt2-xl-nd=20000-ntd=10000-o=adam-s=1-twd=0-wms=gpt2-xl
mixing,boolq,logconf,gpt2,gpt2,0.1,0.09991514637250742,1,1,5e-05,0.6087488528602019,results/data/naive_mixing/010/seed1/bs=32-dn=boolq-e=2-ee=1000000-gf=0.1-gs=1-lp=0-l=logconf-l=5e-05-ls=cosi_anne-mc=1024-ms=gpt2-nd=20000-ntd=10000-o=adam-s=1-twd=0-wms=gpt2
mixing,boolq,logconf,gpt2-large,gpt2,0.1,0.09991514637250742,1,1,1e-05,0.5928418476598348,results/data/naive_mixing/010/seed1/bs=32-dn=boolq-e=2-ee=1000000-gf=0.1-gs=1-lp=0-l=logconf-l=1e-05-ls=cosi_anne-mc=1024-ms=gpt2-large-nd=20000-ntd=10000-o=adam-s=1-twd=0-wms=gpt2
mixing,boolq,logconf,gpt2-large,gpt2-large,0.1,0.09991514637250742,1,1,1e-05,0.5885591924135821,results/data/naive_mixing/010/seed1/bs=32-dn=boolq-e=2-ee=1000000-gf=0.1-gs=1-lp=0-l=logconf-l=1e-05-ls=cosi_anne-mc=1024-ms=gpt2-large-nd=20000-ntd=10000-o=adam-s=1-twd=0-wms=gpt2-large
mixing,boolq,logconf,gpt2-large,gpt2-medium,0.1,0.09991514637250742,1,1,1e-05,0.5952890792291221,results/data/naive_mixing/010/seed1/bs=32-dn=boolq-e=2-ee=1000000-gf=0.1-gs=1-lp=0-l=logconf-l=1e-05-ls=cosi_anne-mc=1024-ms=gpt2-large-nd=20000-ntd=10000-o=adam-s=1-twd=0-wms=gpt2-medium
mixing,boolq,logconf,gpt2-medium,gpt2,0.1,0.09991514637250742,1,1,5e-05,0.6145610278372591,results/data/naive_mixing/010/seed1/bs=32-dn=boolq-e=2-ee=1000000-gf=0.1-gs=1-lp=0-l=logconf-l=5e-05-ls=cosi_anne-mc=1024-ms=gpt2-medium-nd=20000-ntd=10000-o=adam-s=1-twd=0-wms=gpt2
mixing,boolq,logconf,gpt2-medium,gpt2-medium,0.1,0.09991514637250742,1,1,5e-05,0.6173141633527073,results/data/naive_mixing/010/seed1/bs=32-dn=boolq-e=2-ee=1000000-gf=0.1-gs=1-lp=0-l=logconf-l=5e-05-ls=cosi_anne-mc=1024-ms=gpt2-medium-nd=20000-ntd=10000-o=adam-s=1-twd=0-wms=gpt2-medium
mixing,boolq,logconf,gpt2-xl,gpt2,0.1,0.09991514637250742,1,1,1e-05,0.5995717344753747,results/data/naive_mixing/010/seed1/bs=32-dn=boolq-e=2-ee=1000000-gf=0.1-gs=1-lp=0-l=logconf-l=1e-05-ls=cosi_anne-mc=1024-ms=gpt2-xl-nd=20000-ntd=10000-o=adam-s=1-twd=0-wms=gpt2
mixing,boolq,logconf,gpt2-xl,gpt2-large,0.1,0.09991514637250742,1,1,1e-05,0.5977363107984093,results/data/naive_mixing/010/seed1/bs=32-dn=boolq-e=2-ee=1000000-gf=0.1-gs=1-lp=0-l=logconf-l=1e-05-ls=cosi_anne-mc=1024-ms=gpt2-xl-nd=20000-ntd=10000-o=adam-s=1-twd=0-wms=gpt2-large
mixing,boolq,logconf,gpt2-xl,gpt2-medium,0.1,0.09991514637250742,1,1,1e-05,0.588865096359743,results/data/naive_mixing/010/seed1/bs=32-dn=boolq-e=2-ee=1000000-gf=0.1-gs=1-lp=0-l=logconf-l=1e-05-ls=cosi_anne-mc=1024-ms=gpt2-xl-nd=20000-ntd=10000-o=adam-s=1-twd=0-wms=gpt2-medium
mixing,boolq,logconf,gpt2-xl,gpt2-xl,0.1,0.09991514637250742,1,1,1e-05,0.5937595594983175,results/data/naive_mixing/010/seed1/bs=32-dn=boolq-e=2-ee=1000000-gf=0.1-gs=1-lp=0-l=logconf-l=1e-05-ls=cosi_anne-mc=1024-ms=gpt2-xl-nd=20000-ntd=10000-o=adam-s=1-twd=0-wms=gpt2-xl
mixing,boolq,xent,gpt2,gpt2,0.1,0.09991514637250742,1,1,5e-05,0.6488222698072805,results/data/naive_mixing/010/seed1/bs=32-dn=boolq-e=2-ee=1000000-gf=0.1-gs=1-lp=0-l=xent-l=5e-05-ls=cosi_anne-mc=1024-ms=gpt2-nd=20000-ntd=10000-o=adam-s=1-twd=0-wms=gpt2
mixing,boolq,xent,gpt2-large,gpt2,0.1,0.09991514637250742,1,1,1e-05,0.6567757724074641,results/data/naive_mixing/010/seed1/bs=32-dn=boolq-e=2-ee=1000000-gf=0.1-gs=1-lp=0-l=xent-l=1e-05-ls=cosi_anne-mc=1024-ms=gpt2-large-nd=20000-ntd=10000-o=adam-s=1-twd=0-wms=gpt2
mixing,boolq,xent,gpt2-large,gpt2-large,0.1,0.09991514637250742,1,1,1e-05,0.6225145304374426,results/data/naive_mixing/010/seed1/bs=32-dn=boolq-e=2-ee=1000000-gf=0.1-gs=1-lp=0-l=xent-l=1e-05-ls=cosi_anne-mc=1024-ms=gpt2-large-nd=20000-ntd=10000-o=adam-s=1-twd=0-wms=gpt2-large
mixing,boolq,xent,gpt2-large,gpt2-medium,0.1,0.09991514637250742,1,1,1e-05,0.6833894157234628,results/data/naive_mixing/010/seed1/bs=32-dn=boolq-e=2-ee=1000000-gf=0.1-gs=1-lp=0-l=xent-l=1e-05-ls=cosi_anne-mc=1024-ms=gpt2-large-nd=20000-ntd=10000-o=adam-s=1-twd=0-wms=gpt2-medium
mixing,boolq,xent,gpt2-medium,gpt2,0.1,0.09991514637250742,1,1,5e-05,0.6705414499847048,results/data/naive_mixing/010/seed1/bs=32-dn=boolq-e=2-ee=1000000-gf=0.1-gs=1-lp=0-l=xent-l=5e-05-ls=cosi_anne-mc=1024-ms=gpt2-medium-nd=20000-ntd=10000-o=adam-s=1-twd=0-wms=gpt2
mixing,boolq,xent,gpt2-medium,gpt2-medium,0.1,0.09991514637250742,1,1,5e-05,0.6812480881003365,results/data/naive_mixing/010/seed1/bs=32-dn=boolq-e=2-ee=1000000-gf=0.1-gs=1-lp=0-l=xent-l=5e-05-ls=cosi_anne-mc=1024-ms=gpt2-medium-nd=20000-ntd=10000-o=adam-s=1-twd=0-wms=gpt2-medium
mixing,boolq,xent,gpt2-xl,gpt2,0.1,0.09991514637250742,1,1,1e-05,0.6509635974304069,results/data/naive_mixing/010/seed1/bs=32-dn=boolq-e=2-ee=1000000-gf=0.1-gs=1-lp=0-l=xent-l=1e-05-ls=cosi_anne-mc=1024-ms=gpt2-xl-nd=20000-ntd=10000-o=adam-s=1-twd=0-wms=gpt2
mixing,boolq,xent,gpt2-xl,gpt2-large,0.1,0.09991514637250742,1,1,1e-05,0.6258794738452126,results/data/naive_mixing/010/seed1/bs=32-dn=boolq-e=2-ee=1000000-gf=0.1-gs=1-lp=0-l=xent-l=1e-05-ls=cosi_anne-mc=1024-ms=gpt2-xl-nd=20000-ntd=10000-o=adam-s=1-twd=0-wms=gpt2-large
mixing,boolq,xent,gpt2-xl,gpt2-medium,0.1,0.09991514637250742,1,1,1e-05,0.6904252064851637,results/data/naive_mixing/010/seed1/bs=32-dn=boolq-e=2-ee=1000000-gf=0.1-gs=1-lp=0-l=xent-l=1e-05-ls=cosi_anne-mc=1024-ms=gpt2-xl-nd=20000-ntd=10000-o=adam-s=1-twd=0-wms=gpt2-medium
mixing,boolq,xent,gpt2-xl,gpt2-xl,0.1,0.09991514637250742,1,1,1e-05,0.7341694707861731,results/data/naive_mixing/010/seed1/bs=32-dn=boolq-e=2-ee=1000000-gf=0.1-gs=1-lp=0-l=xent-l=1e-05-ls=cosi_anne-mc=1024-ms=gpt2-xl-nd=20000-ntd=10000-o=adam-s=1-twd=0-wms=gpt2-xl
mixing,boolq,logconf,gpt2,gpt2,0.25,0.24989393296563428,1,1,5e-05,0.6151728357295809,results/data/naive_mixing/025/seed1/bs=32-dn=boolq-e=2-ee=1000000-gf=0.25-gs=1-lp=0-l=logconf-l=5e-05-ls=cosi_anne-mc=1024-ms=gpt2-nd=20000-ntd=10000-o=adam-s=1-twd=0-wms=gpt2
mixing,boolq,logconf,gpt2-large,gpt2,0.25,0.24989393296563428,1,1,1e-05,0.6072193331293974,results/data/naive_mixing/025/seed1/bs=32-dn=boolq-e=2-ee=1000000-gf=0.25-gs=1-lp=0-l=logconf-l=1e-05-ls=cosi_anne-mc=1024-ms=gpt2-large-nd=20000-ntd=10000-o=adam-s=1-twd=0-wms=gpt2
mixing,boolq,logconf,gpt2-large,gpt2-large,0.25,0.24989393296563428,1,1,1e-05,0.5726521872132151,results/data/naive_mixing/025/seed1/bs=32-dn=boolq-e=2-ee=1000000-gf=0.25-gs=1-lp=0-l=logconf-l=1e-05-ls=cosi_anne-mc=1024-ms=gpt2-large-nd=20000-ntd=10000-o=adam-s=1-twd=0-wms=gpt2-large
mixing,boolq,logconf,gpt2-large,gpt2-medium,0.25,0.24989393296563428,1,1,1e-05,0.5998776384215356,results/data/naive_mixing/025/seed1/bs=32-dn=boolq-e=2-ee=1000000-gf=0.25-gs=1-lp=0-l=logconf-l=1e-05-ls=cosi_anne-mc=1024-ms=gpt2-large-nd=20000-ntd=10000-o=adam-s=1-twd=0-wms=gpt2-medium
mixing,boolq,logconf,gpt2-medium,gpt2,0.25,0.24989393296563428,1,1,5e-05,0.6448455185071887,results/data/naive_mixing/025/seed1/bs=32-dn=boolq-e=2-ee=1000000-gf=0.25-gs=1-lp=0-l=logconf-l=5e-05-ls=cosi_anne-mc=1024-ms=gpt2-medium-nd=20000-ntd=10000-o=adam-s=1-twd=0-wms=gpt2
mixing,boolq,logconf,gpt2-medium,gpt2-medium,0.25,0.24989393296563428,1,1,5e-05,0.6313857448761089,results/data/naive_mixing/025/seed1/bs=32-dn=boolq-e=2-ee=1000000-gf=0.25-gs=1-lp=0-l=logconf-l=5e-05-ls=cosi_anne-mc=1024-ms=gpt2-medium-nd=20000-ntd=10000-o=adam-s=1-twd=0-wms=gpt2-medium
mixing,boolq,logconf,gpt2-xl,gpt2,0.25,0.24989393296563428,1,1,1e-05,0.611807892321811,results/data/naive_mixing/025/seed1/bs=32-dn=boolq-e=2-ee=1000000-gf=0.25-gs=1-lp=0-l=logconf-l=1e-05-ls=cosi_anne-mc=1024-ms=gpt2-xl-nd=20000-ntd=10000-o=adam-s=1-twd=0-wms=gpt2
mixing,boolq,logconf,gpt2-xl,gpt2-large,0.25,0.24989393296563428,1,1,1e-05,0.5977363107984093,results/data/naive_mixing/025/seed1/bs=32-dn=boolq-e=2-ee=1000000-gf=0.25-gs=1-lp=0-l=logconf-l=1e-05-ls=cosi_anne-mc=1024-ms=gpt2-xl-nd=20000-ntd=10000-o=adam-s=1-twd=0-wms=gpt2-large
mixing,boolq,logconf,gpt2-xl,gpt2-medium,0.25,0.24989393296563428,1,1,1e-05,0.6096665646986846,results/data/naive_mixing/025/seed1/bs=32-dn=boolq-e=2-ee=1000000-gf=0.25-gs=1-lp=0-l=logconf-l=1e-05-ls=cosi_anne-mc=1024-ms=gpt2-xl-nd=20000-ntd=10000-o=adam-s=1-twd=0-wms=gpt2-medium
mixing,boolq,logconf,gpt2-xl,gpt2-xl,0.25,0.24989393296563428,1,1,1e-05,0.6059957173447538,results/data/naive_mixing/025/seed1/bs=32-dn=boolq-e=2-ee=1000000-gf=0.25-gs=1-lp=0-l=logconf-l=1e-05-ls=cosi_anne-mc=1024-ms=gpt2-xl-nd=20000-ntd=10000-o=adam-s=1-twd=0-wms=gpt2-xl
mixing,boolq,xent,gpt2,gpt2,0.25,0.24989393296563428,1,1,5e-05,0.660140715815234,results/data/naive_mixing/025/seed1/bs=32-dn=boolq-e=2-ee=1000000-gf=0.25-gs=1-lp=0-l=xent-l=5e-05-ls=cosi_anne-mc=1024-ms=gpt2-nd=20000-ntd=10000-o=adam-s=1-twd=0-wms=gpt2
mixing,boolq,xent,gpt2-large,gpt2,0.25,0.24989393296563428,1,1,1e-05,0.650657693484246,results/data/naive_mixing/025/seed1/bs=32-dn=boolq-e=2-ee=1000000-gf=0.25-gs=1-lp=0-l=xent-l=1e-05-ls=cosi_anne-mc=1024-ms=gpt2-large-nd=20000-ntd=10000-o=adam-s=1-twd=0-wms=gpt2
mixing,boolq,xent,gpt2-large,gpt2-large,0.25,0.24989393296563428,1,1,1e-05,0.627714897522178,results/data/naive_mixing/025/seed1/bs=32-dn=boolq-e=2-ee=1000000-gf=0.25-gs=1-lp=0-l=xent-l=1e-05-ls=cosi_anne-mc=1024-ms=gpt2-large-nd=20000-ntd=10000-o=adam-s=1-twd=0-wms=gpt2-large
mixing,boolq,xent,gpt2-large,gpt2-medium,0.25,0.24989393296563428,1,1,1e-05,0.6947078617314163,results/data/naive_mixing/025/seed1/bs=32-dn=boolq-e=2-ee=1000000-gf=0.25-gs=1-lp=0-l=xent-l=1e-05-ls=cosi_anne-mc=1024-ms=gpt2-large-nd=20000-ntd=10000-o=adam-s=1-twd=0-wms=gpt2-medium
mixing,boolq,xent,gpt2-medium,gpt2,0.25,0.24989393296563428,1,1,5e-05,0.6925665341082899,results/data/naive_mixing/025/seed1/bs=32-dn=boolq-e=2-ee=1000000-gf=0.25-gs=1-lp=0-l=xent-l=5e-05-ls=cosi_anne-mc=1024-ms=gpt2-medium-nd=20000-ntd=10000-o=adam-s=1-twd=0-wms=gpt2
mixing,boolq,xent,gpt2-medium,gpt2-medium,0.25,0.24989393296563428,1,1,5e-05,0.6996023248699909,results/data/naive_mixing/025/seed1/bs=32-dn=boolq-e=2-ee=1000000-gf=0.25-gs=1-lp=0-l=xent-l=5e-05-ls=cosi_anne-mc=1024-ms=gpt2-medium-nd=20000-ntd=10000-o=adam-s=1-twd=0-wms=gpt2-medium
mixing,boolq,xent,gpt2-xl,gpt2,0.25,0.24989393296563428,1,1,1e-05,0.6931783420006118,results/data/naive_mixing/025/seed1/bs=32-dn=boolq-e=2-ee=1000000-gf=0.25-gs=1-lp=0-l=xent-l=1e-05-ls=cosi_anne-mc=1024-ms=gpt2-xl-nd=20000-ntd=10000-o=adam-s=1-twd=0-wms=gpt2
mixing,boolq,xent,gpt2-xl,gpt2-large,0.25,0.24989393296563428,1,1,1e-05,0.6751300091771184,results/data/naive_mixing/025/seed1/bs=32-dn=boolq-e=2-ee=1000000-gf=0.25-gs=1-lp=0-l=xent-l=1e-05-ls=cosi_anne-mc=1024-ms=gpt2-xl-nd=20000-ntd=10000-o=adam-s=1-twd=0-wms=gpt2-large
mixing,boolq,xent,gpt2-xl,gpt2-medium,0.25,0.24989393296563428,1,1,1e-05,0.7127561945549098,results/data/naive_mixing/025/seed1/bs=32-dn=boolq-e=2-ee=1000000-gf=0.25-gs=1-lp=0-l=xent-l=1e-05-ls=cosi_anne-mc=1024-ms=gpt2-xl-nd=20000-ntd=10000-o=adam-s=1-twd=0-wms=gpt2-medium
mixing,boolq,xent,gpt2-xl,gpt2-xl,0.25,0.24989393296563428,1,1,1e-05,0.7491587641480575,results/data/naive_mixing/025/seed1/bs=32-dn=boolq-e=2-ee=1000000-gf=0.25-gs=1-lp=0-l=xent-l=1e-05-ls=cosi_anne-mc=1024-ms=gpt2-xl-nd=20000-ntd=10000-o=adam-s=1-twd=0-wms=gpt2-xl
mixing,boolq,logconf,gpt2,gpt2,0.5,0.5,1,1,5e-05,0.61486693178342,results/data/naive_mixing/050/seed1/bs=32-dn=boolq-e=2-ee=1000000-gf=0.5-gs=1-lp=0-l=logconf-l=5e-05-ls=cosi_anne-mc=1024-ms=gpt2-nd=20000-ntd=10000-o=adam-s=1-twd=0-wms=gpt2
mixing,boolq,logconf,gpt2-large,gpt2,0.5,0.5,1,1,1e-05,0.6102783725910065,results/data/naive_mixing/050/seed1/bs=32-dn=boolq-e=2-ee=1000000-gf=0.5-gs=1-lp=0-l=logconf-l=1e-05-ls=cosi_anne-mc=1024-ms=gpt2-large-nd=20000-ntd=10000-o=adam-s=1-twd=0-wms=gpt2
mixing,boolq,logconf,gpt2-large,gpt2-large,0.5,0.5,1,1,1e-05,0.5750994187825023,results/data/naive_mixing/050/seed1/bs=32-dn=boolq-e=2-ee=1000000-gf=0.5-gs=1-lp=0-l=logconf-l=1e-05-ls=cosi_anne-mc=1024-ms=gpt2-large-nd=20000-ntd=10000-o=adam-s=1-twd=0-wms=gpt2-large
mixing,boolq,logconf,gpt2-large,gpt2-medium,0.5,0.5,1,1,1e-05,0.585806056898134,results/data/naive_mixing/050/seed1/bs=32-dn=boolq-e=2-ee=1000000-gf=0.5-gs=1-lp=0-l=logconf-l=1e-05-ls=cosi_anne-mc=1024-ms=gpt2-large-nd=20000-ntd=10000-o=adam-s=1-twd=0-wms=gpt2-medium
mixing,boolq,logconf,gpt2-medium,gpt2,0.5,0.5,1,1,5e-05,0.5974304068522484,results/data/naive_mixing/050/seed1/bs=32-dn=boolq-e=2-ee=1000000-gf=0.5-gs=1-lp=0-l=logconf-l=5e-05-ls=cosi_anne-mc=1024-ms=gpt2-medium-nd=20000-ntd=10000-o=adam-s=1-twd=0-wms=gpt2
mixing,boolq,logconf,gpt2-medium,gpt2-medium,0.5,0.5,1,1,5e-05,0.6212909146527991,results/data/naive_mixing/050/seed1/bs=32-dn=boolq-e=2-ee=1000000-gf=0.5-gs=1-lp=0-l=logconf-l=5e-05-ls=cosi_anne-mc=1024-ms=gpt2-medium-nd=20000-ntd=10000-o=adam-s=1-twd=0-wms=gpt2-medium
mixing,boolq,logconf,gpt2-xl,gpt2,0.5,0.5,1,1,1e-05,0.5995717344753747,results/data/naive_mixing/050/seed1/bs=32-dn=boolq-e=2-ee=1000000-gf=0.5-gs=1-lp=0-l=logconf-l=1e-05-ls=cosi_anne-mc=1024-ms=gpt2-xl-nd=20000-ntd=10000-o=adam-s=1-twd=0-wms=gpt2
mixing,boolq,logconf,gpt2-xl,gpt2-large,0.5,0.5,1,1,1e-05,0.6084429489140409,results/data/naive_mixing/050/seed1/bs=32-dn=boolq-e=2-ee=1000000-gf=0.5-gs=1-lp=0-l=logconf-l=1e-05-ls=cosi_anne-mc=1024-ms=gpt2-xl-nd=20000-ntd=10000-o=adam-s=1-twd=0-wms=gpt2-large
mixing,boolq,logconf,gpt2-xl,gpt2-medium,0.5,0.5,1,1,1e-05,0.5940654634444784,results/data/naive_mixing/050/seed1/bs=32-dn=boolq-e=2-ee=1000000-gf=0.5-gs=1-lp=0-l=logconf-l=1e-05-ls=cosi_anne-mc=1024-ms=gpt2-xl-nd=20000-ntd=10000-o=adam-s=1-twd=0-wms=gpt2-medium
mixing,boolq,logconf,gpt2-xl,gpt2-xl,0.5,0.5,1,1,1e-05,0.6017130620985011,results/data/naive_mixing/050/seed1/bs=32-dn=boolq-e=2-ee=1000000-gf=0.5-gs=1-lp=0-l=logconf-l=1e-05-ls=cosi_anne-mc=1024-ms=gpt2-xl-nd=20000-ntd=10000-o=adam-s=1-twd=0-wms=gpt2-xl
mixing,boolq,xent,gpt2,gpt2,0.5,0.5,1,1,5e-05,0.6705414499847048,results/data/naive_mixing/050/seed1/bs=32-dn=boolq-e=2-ee=1000000-gf=0.5-gs=1-lp=0-l=xent-l=5e-05-ls=cosi_anne-mc=1024-ms=gpt2-nd=20000-ntd=10000-o=adam-s=1-twd=0-wms=gpt2
mixing,boolq,xent,gpt2-large,gpt2,0.5,0.5,1,1,1e-05,0.631079840929948,results/data/naive_mixing/050/seed1/bs=32-dn=boolq-e=2-ee=1000000-gf=0.5-gs=1-lp=0-l=xent-l=1e-05-ls=cosi_anne-mc=1024-ms=gpt2-large-nd=20000-ntd=10000-o=adam-s=1-twd=0-wms=gpt2
mixing,boolq,xent,gpt2-large,gpt2-large,0.5,0.5,1,1,1e-05,0.6267971856836954,results/data/naive_mixing/050/seed1/bs=32-dn=boolq-e=2-ee=1000000-gf=0.5-gs=1-lp=0-l=xent-l=1e-05-ls=cosi_anne-mc=1024-ms=gpt2-large-nd=20000-ntd=10000-o=adam-s=1-twd=0-wms=gpt2-large
mixing,boolq,xent,gpt2-large,gpt2-medium,0.5,0.5,1,1,1e-05,0.6298562251453044,results/data/naive_mixing/050/seed1/bs=32-dn=boolq-e=2-ee=1000000-gf=0.5-gs=1-lp=0-l=xent-l=1e-05-ls=cosi_anne-mc=1024-ms=gpt2-large-nd=20000-ntd=10000-o=adam-s=1-twd=0-wms=gpt2-medium
mixing,boolq,xent,gpt2-medium,gpt2,0.5,0.5,1,1,5e-05,0.6971550933007036,results/data/naive_mixing/050/seed1/bs=32-dn=boolq-e=2-ee=1000000-gf=0.5-gs=1-lp=0-l=xent-l=5e-05-ls=cosi_anne-mc=1024-ms=gpt2-medium-nd=20000-ntd=10000-o=adam-s=1-twd=0-wms=gpt2
mixing,boolq,xent,gpt2-medium,gpt2-medium,0.5,0.5,1,1,5e-05,0.7194860813704497,results/data/naive_mixing/050/seed1/bs=32-dn=boolq-e=2-ee=1000000-gf=0.5-gs=1-lp=0-l=xent-l=5e-05-ls=cosi_anne-mc=1024-ms=gpt2-medium-nd=20000-ntd=10000-o=adam-s=1-twd=0-wms=gpt2-medium
mixing,boolq,xent,gpt2-xl,gpt2,0.5,0.5,1,1,1e-05,0.69593147751606,results/data/naive_mixing/050/seed1/bs=32-dn=boolq-e=2-ee=1000000-gf=0.5-gs=1-lp=0-l=xent-l=1e-05-ls=cosi_anne-mc=1024-ms=gpt2-xl-nd=20000-ntd=10000-o=adam-s=1-twd=0-wms=gpt2
mixing,boolq,xent,gpt2-xl,gpt2-large,0.5,0.5,1,1,1e-05,0.6442337106148669,results/data/naive_mixing/050/seed1/bs=32-dn=boolq-e=2-ee=1000000-gf=0.5-gs=1-lp=0-l=xent-l=1e-05-ls=cosi_anne-mc=1024-ms=gpt2-xl-nd=20000-ntd=10000-o=adam-s=1-twd=0-wms=gpt2-large
mixing,boolq,xent,gpt2-xl,gpt2-medium,0.5,0.5,1,1,1e-05,0.7145916182318752,results/data/naive_mixing/050/seed1/bs=32-dn=boolq-e=2-ee=1000000-gf=0.5-gs=1-lp=0-l=xent-l=1e-05-ls=cosi_anne-mc=1024-ms=gpt2-xl-nd=20000-ntd=10000-o=adam-s=1-twd=0-wms=gpt2-medium
mixing,boolq,xent,gpt2-xl,gpt2-xl,0.5,0.5,1,1,1e-05,0.7350871826246559,results/data/naive_mixing/050/seed1/bs=32-dn=boolq-e=2-ee=1000000-gf=0.5-gs=1-lp=0-l=xent-l=1e-05-ls=cosi_anne-mc=1024-ms=gpt2-xl-nd=20000-ntd=10000-o=adam-s=1-twd=0-wms=gpt2-xl
mixing,boolq,logconf,gpt2,gpt2,1.0,1.0,1,1,5e-05,0.6185377791373509,results/data/naive_mixing/100/seed1/bs=32-dn=boolq-e=2-ee=1000000-gf=1.0-gs=1-lp=0-l=logconf-l=5e-05-ls=cosi_anne-mc=1024-ms=gpt2-nd=20000-ntd=10000-o=adam-s=1-twd=0-wms=gpt2
mixing,boolq,logconf,gpt2-large,gpt2,1.0,1.0,1,1,1e-05,0.5998776384215356,results/data/naive_mixing/100/seed1/bs=32-dn=boolq-e=2-ee=1000000-gf=1.0-gs=1-lp=0-l=logconf-l=1e-05-ls=cosi_anne-mc=1024-ms=gpt2-large-nd=20000-ntd=10000-o=adam-s=1-twd=0-wms=gpt2
mixing,boolq,logconf,gpt2-large,gpt2-large,1.0,1.0,1,1,1e-05,0.6004894463138575,results/data/naive_mixing/100/seed1/bs=32-dn=boolq-e=2-ee=1000000-gf=1.0-gs=1-lp=0-l=logconf-l=1e-05-ls=cosi_anne-mc=1024-ms=gpt2-large-nd=20000-ntd=10000-o=adam-s=1-twd=0-wms=gpt2-large
mixing,boolq,logconf,gpt2-large,gpt2-medium,1.0,1.0,1,1,1e-05,0.5998776384215356,results/data/naive_mixing/100/seed1/bs=32-dn=boolq-e=2-ee=1000000-gf=1.0-gs=1-lp=0-l=logconf-l=1e-05-ls=cosi_anne-mc=1024-ms=gpt2-large-nd=20000-ntd=10000-o=adam-s=1-twd=0-wms=gpt2-medium
mixing,boolq,logconf,gpt2-medium,gpt2,1.0,1.0,1,1,5e-05,0.6840012236157846,results/data/naive_mixing/100/seed1/bs=32-dn=boolq-e=2-ee=1000000-gf=1.0-gs=1-lp=0-l=logconf-l=5e-05-ls=cosi_anne-mc=1024-ms=gpt2-medium-nd=20000-ntd=10000-o=adam-s=1-twd=0-wms=gpt2
mixing,boolq,logconf,gpt2-medium,gpt2-medium,1.0,1.0,1,1,5e-05,0.6570816763536249,results/data/naive_mixing/100/seed1/bs=32-dn=boolq-e=2-ee=1000000-gf=1.0-gs=1-lp=0-l=logconf-l=5e-05-ls=cosi_anne-mc=1024-ms=gpt2-medium-nd=20000-ntd=10000-o=adam-s=1-twd=0-wms=gpt2-medium
mixing,boolq,logconf,gpt2-xl,gpt2,1.0,1.0,1,1,1e-05,0.6004894463138575,results/data/naive_mixing/100/seed1/bs=32-dn=boolq-e=2-ee=1000000-gf=1.0-gs=1-lp=0-l=logconf-l=1e-05-ls=cosi_anne-mc=1024-ms=gpt2-xl-nd=20000-ntd=10000-o=adam-s=1-twd=0-wms=gpt2
mixing,boolq,logconf,gpt2-xl,gpt2-large,1.0,1.0,1,1,1e-05,0.5995717344753747,results/data/naive_mixing/100/seed1/bs=32-dn=boolq-e=2-ee=1000000-gf=1.0-gs=1-lp=0-l=logconf-l=1e-05-ls=cosi_anne-mc=1024-ms=gpt2-xl-nd=20000-ntd=10000-o=adam-s=1-twd=0-wms=gpt2-large
mixing,boolq,logconf,gpt2-xl,gpt2-medium,1.0,1.0,1,1,1e-05,0.5995717344753747,results/data/naive_mixing/100/seed1/bs=32-dn=boolq-e=2-ee=1000000-gf=1.0-gs=1-lp=0-l=logconf-l=1e-05-ls=cosi_anne-mc=1024-ms=gpt2-xl-nd=20000-ntd=10000-o=adam-s=1-twd=0-wms=gpt2-medium
mixing,boolq,logconf,gpt2-xl,gpt2-xl,1.0,1.0,1,1,1e-05,0.5974304068522484,results/data/naive_mixing/100/seed1/bs=32-dn=boolq-e=2-ee=1000000-gf=1.0-gs=1-lp=0-l=logconf-l=1e-05-ls=cosi_anne-mc=1024-ms=gpt2-xl-nd=20000-ntd=10000-o=adam-s=1-twd=0-wms=gpt2-xl
mixing,boolq,xent,gpt2,gpt2,1.0,1.0,1,1,5e-05,0.6748241052309575,results/data/naive_mixing/100/seed1/bs=32-dn=boolq-e=2-ee=1000000-gf=1.0-gs=1-lp=0-l=xent-l=5e-05-ls=cosi_anne-mc=1024-ms=gpt2-nd=20000-ntd=10000-o=adam-s=1-twd=0-wms=gpt2
mixing,boolq,xent,gpt2-large,gpt2,1.0,1.0,1,1,1e-05,0.715203426124197,results/data/naive_mixing/100/seed1/bs=32-dn=boolq-e=2-ee=1000000-gf=1.0-gs=1-lp=0-l=xent-l=1e-05-ls=cosi_anne-mc=1024-ms=gpt2-large-nd=20000-ntd=10000-o=adam-s=1-twd=0-wms=gpt2
mixing,boolq,xent,gpt2-large,gpt2-large,1.0,1.0,1,1,1e-05,0.715203426124197,results/data/naive_mixing/100/seed1/bs=32-dn=boolq-e=2-ee=1000000-gf=1.0-gs=1-lp=0-l=xent-l=1e-05-ls=cosi_anne-mc=1024-ms=gpt2-large-nd=20000-ntd=10000-o=adam-s=1-twd=0-wms=gpt2-large
mixing,boolq,xent,gpt2-large,gpt2-medium,1.0,1.0,1,1,1e-05,0.715203426124197,results/data/naive_mixing/100/seed1/bs=32-dn=boolq-e=2-ee=1000000-gf=1.0-gs=1-lp=0-l=xent-l=1e-05-ls=cosi_anne-mc=1024-ms=gpt2-large-nd=20000-ntd=10000-o=adam-s=1-twd=0-wms=gpt2-medium
mixing,boolq,xent,gpt2-medium,gpt2,1.0,1.0,1,1,5e-05,0.7427347812786785,results/data/naive_mixing/100/seed1/bs=32-dn=boolq-e=2-ee=1000000-gf=1.0-gs=1-lp=0-l=xent-l=5e-05-ls=cosi_anne-mc=1024-ms=gpt2-medium-nd=20000-ntd=10000-o=adam-s=1-twd=0-wms=gpt2
mixing,boolq,xent,gpt2-medium,gpt2-medium,1.0,1.0,1,1,5e-05,0.7427347812786785,results/data/naive_mixing/100/seed1/bs=32-dn=boolq-e=2-ee=1000000-gf=1.0-gs=1-lp=0-l=xent-l=5e-05-ls=cosi_anne-mc=1024-ms=gpt2-medium-nd=20000-ntd=10000-o=adam-s=1-twd=0-wms=gpt2-medium
mixing,boolq,xent,gpt2-xl,gpt2,1.0,1.0,1,1,1e-05,0.7644539614561028,results/data/naive_mixing/100/seed1/bs=32-dn=boolq-e=2-ee=1000000-gf=1.0-gs=1-lp=0-l=xent-l=1e-05-ls=cosi_anne-mc=1024-ms=gpt2-xl-nd=20000-ntd=10000-o=adam-s=1-twd=0-wms=gpt2
mixing,boolq,xent,gpt2-xl,gpt2-large,1.0,1.0,1,1,1e-05,0.7656775772407464,results/data/naive_mixing/100/seed1/bs=32-dn=boolq-e=2-ee=1000000-gf=1.0-gs=1-lp=0-l=xent-l=1e-05-ls=cosi_anne-mc=1024-ms=gpt2-xl-nd=20000-ntd=10000-o=adam-s=1-twd=0-wms=gpt2-large
mixing,boolq,xent,gpt2-xl,gpt2-medium,1.0,1.0,1,1,1e-05,0.7665952890792291,results/data/naive_mixing/100/seed1/bs=32-dn=boolq-e=2-ee=1000000-gf=1.0-gs=1-lp=0-l=xent-l=1e-05-ls=cosi_anne-mc=1024-ms=gpt2-xl-nd=20000-ntd=10000-o=adam-s=1-twd=0-wms=gpt2-medium
mixing,boolq,xent,gpt2-xl,gpt2-xl,1.0,1.0,1,1,1e-05,0.7647598654022637,results/data/naive_mixing/100/seed1/bs=32-dn=boolq-e=2-ee=1000000-gf=1.0-gs=1-lp=0-l=xent-l=1e-05-ls=cosi_anne-mc=1024-ms=gpt2-xl-nd=20000-ntd=10000-o=adam-s=1-twd=0-wms=gpt2-xl
